author,content,country,date_time,id,language,latitude,longitude,number_of_likes,number_of_shares
ArianaGrande,christmas &amp; chill for suuure https://t.co/yPQeXTp2yD,,17/12/2015 20:20,6.77584e+17,en,,,13887,5799
ArianaGrande,"I've been debating. it's between ""üåô‚ú®"" and another.......... they're my 2 favorite titles and songs. it's v hard. üò≠ https://t.co/A1kROHGfQQ",,12/01/2016 03:25,6.86751e+17,en,,,21024,8529
ArianaGrande,@arianafifths lmao i promise i won't,,01/09/2015 15:07,6.3873e+17,en,,,7574,3018
ArianaGrande,I'll give you all I have and nothing less I promise,,15/10/2015 21:12,6.54767e+17,en,,,27662,20586
ArianaGrande,i love you so much https://t.co/AxrnBLrjsR,,15/01/2017 01:03,8.20436e+17,en,,,19835,5134
ArianaGrande,‚ô° https://t.co/tQ2DgMgQ0l,,22/09/2016 22:59,7.79093e+17,und,,,97712,31145
ArianaGrande,"happy best month of the year, everyone",,01/10/2016 06:09,7.821e+17,en,,,80686,40494
ArianaGrande,https://t.co/8rUEsYvmSd,,21/12/2015 19:58,6.79028e+17,und,,,41761,16493
ArianaGrande,we decide it ‚ö°Ô∏èüí°‚ô° https://t.co/13zy1LsE1A,,23/10/2016 23:24,7.90333e+17,en,,,20747,6705
ArianaGrande,love you https://t.co/20U46T1mv5,,19/03/2016 17:11,7.11239e+17,en,,,16196,5109
ArianaGrande,thank you so much @wash_humane for letting us come spend the afternoon. met so many precious precious‚Ä¶ https://t.co/zQ95gXTqsg,,24/07/2015 21:15,6.24689e+17,en,,,16725,8612
ArianaGrande,somethin bout,,12/04/2016 00:09,7.19679e+17,en,,,43829,20643
ArianaGrande,when you don't play golf https://t.co/xxY6TUxkm1,,19/08/2016 02:18,7.66459e+17,en,,,30298,9681
ArianaGrande,"I laughed so loud. I love y'all so much. It's coming soon enough, I promise. workinnnnn my booty off to get it to u. https://t.co/0juDxLdEh4",,27/08/2015 07:27,6.36802e+17,en,,,19622,9889
ArianaGrande,me rn #DangerousWomanTonight  https://t.co/vI4Dz9xEqX,,19/05/2016 20:36,7.33396e+17,en,,,19997,7976
ArianaGrande,love you back  https://t.co/B4yXBSW4Hi,,29/03/2016 06:30,7.14701e+17,en,,,16315,4806
ArianaGrande,I AM NOWWW A CHECKERBOARD CHICK #HairsprayLive #Penny,,07/07/2016 19:00,7.51129e+17,en,,,44486,20345
ArianaGrande,@andylassner can't wait for everyone to see our adventure tomorrow. it was horrible. thank god my hair was large enough to shield us both.,,27/10/2016 04:27,7.91497e+17,en,,,9280,3028
ArianaGrande,thanks for the clarification @graveyc https://t.co/RTxszzGiRd,,21/09/2015 04:13,6.45813e+17,en,,,15427,6871
ArianaGrande,love,,08/07/2016 19:21,7.51496e+17,en,,,62207,29709
BarackObama,"""This morning the Supreme Court recognized the Constitution guarantees marriage equality."" ‚ÄîPresident Obama #LoveWins",,26/06/2015 15:17,6.14452e+17,en,,,17781,14548
BarackObama,LIVE: President Obama is speaking at @AmericanU about the importance of the #IranDeal. http://t.co/pdVL3s6FuY,,05/08/2015 15:58,6.28958e+17,en,,,647,291
BarackObama,Chip in‚Äîthe deadline is quickly approaching: http://t.co/DwqB9iMdD7 http://t.co/o8FyZYYo5s,,29/06/2015 18:32,6.15589e+17,en,,,1773,514
BarackObama,Join @vj44 on a conference call to discuss efforts we can take to help reduce gun violence. https://t.co/AzL9CkYA7z,,20/06/2016 17:09,7.4494e+17,en,,,1955,519
BarackObama,Senate leaders are continuing to obstruct a fair hearing for Judge Garland‚Äîhelp put the pressure on: https://t.co/oCAPRllPZX #DoYourJob,,17/05/2016 17:15,7.32621e+17,en,,,1623,545
BarackObama,Get the facts on everything from a fair #SCOTUS nomination process to climate change: https://t.co/jCZzreLARW https://t.co/qnB5GLM8eC,,01/03/2016 18:37,7.04737e+17,en,,,2066,632
BarackObama,"""As Americans, we should be proud of this achievement."" ‚ÄîPresident Obama #IranDeal",,05/08/2015 16:58,6.28973e+17,en,,,1307,442
BarackObama,Read how President Obama is laying the groundwork for criminal justice reform: http://t.co/6kkFqjgec0,,16/07/2015 17:47,6.21738e+17,en,,,1892,928
BarackObama,Private-sector jobs have grown for a record-breaking 67 straight months‚Äîbut there's more to do.,,02/10/2015 20:14,6.50041e+17,en,,,1703,618
BarackObama,How much do you know about the minimum wage? http://t.co/C41r8rPOSk #RaiseTheWage,,07/10/2014 16:04,5.19519e+17,en,,,812,443
BarackObama,Watch as President Obama tackles four common myths about our economy. https://t.co/9DdBoFj9y2,,06/06/2016 19:09,7.39897e+17,en,,,4514,1799
BarackObama,Tomorrow. Are you in? http://t.co/vD8PN9uo65 #ReadySetEnroll http://t.co/3G0dd7ONP1,,14/11/2014 15:29,5.33281e+17,en,,,740,340
BarackObama,"There's more to do, but this is real progress: 10M private-sector jobs have been added over 54 straight months. http://t.co/ReSGbk1PlG",,05/09/2014 21:48,5.08009e+17,en,,,1176,634
BarackObama,Focus on what matters this holiday season. Make sure your loved ones #GetCovered: http://t.co/RlVcIfVhqk #Healthy2015,,12/12/2014 18:23,5.43471e+17,en,,,953,420
BarackObama,You don't want to miss out on this opportunity‚Äîenter now before tonight's deadline. https://t.co/ZgquwBCiow https://t.co/VpuEcqR86Z,,01/06/2016 15:19,7.38027e+17,en,,,2621,627
BarackObama,NASA leads the world in the exploration and study of planets. Let's not let climate change deniers change that: http://t.co/dcUlvdFaha,,11/05/2015 23:05,5.979e+17,en,,,1762,997
BarackObama,A new study confirms that the #TPP will raise wages for American workers and grow our economy. https://t.co/Yidp3pWnX3,,26/01/2016 18:39,6.92054e+17,en,,,1525,471
BarackObama,Are you ready for Round 2? You should be part of this: http://t.co/RZC6FBLk3w http://t.co/p5NVoLxDZQ,,20/10/2014 16:27,5.24235e+17,en,,,919,2862
BarackObama,"""This reform remains what it's always been: a set of fair rules and tougher protections."" ‚ÄîPresident Obama #ACAWorks",,25/06/2015 15:54,6.14099e+17,en,,,1104,388
BarackObama,The other side hopes people like you will get cynical and tune out‚Äîyou should refuse: http://t.co/ozbejJFvJu,,03/09/2014 18:52,5.0724e+17,en,,,793,453
Cristiano,Love you ‚ù§Ô∏è‚ù§Ô∏è‚ù§Ô∏è https://t.co/qhMNOEK2HB,,29/05/2016 00:17,7.36713e+17,en,,,103879,65193
Cristiano,"In my new commercial I'm in the central square of Tel-Aviv. Get ready neshamot it's gonna be HOT!
https://t.co/9tVr2s37eC",,16/05/2016 15:58,7.32239e+17,en,,,8321,1870
Cristiano,"You asked: Eres el mejor del mundo, te admiro mucho! saludos desde Bolivia! ‚ù§Ô∏èüíõüíö http://t.co/UO9nsR68Ak",,24/09/2014 15:07,5.14793e+17,es,,,2478,880
Cristiano,I have hit the 2 million mark here on Twitter. Thanks everyone!,,12/03/2011 16:04,4.66025e+16,en,,,354,698
Cristiano,Portugal 7 - North Korea 0...Next: Brazil #POR #worldcup,,21/06/2010 16:38,16705881415.0,cs,,,129,1520
Cristiano,Here's me getting to today's team lunch. It was delicious. ... http://say.ly/eUx592,,25/11/2010 19:29,7878510000000000.0,en,,,46,112
Cristiano,"working hard, following my dreams and someone spotted me. @Brandon_Sco  how did u get noticed before u were pro? Keep being an inspiration.",,12/02/2011 21:38,3.65396e+16,en,,,115,162
Cristiano,Ready to try my new Mercurial Superfly http://t.co/0IvEBzFuw8 http://t.co/yNNp5OnSlZ,,27/08/2014 14:20,5.04635e+17,en,,,16668,10865
Cristiano,"For√ßa Portugal! Pepe, Bruno and I are here with the team bus. http://t.co/HxoQbiUM",,08/06/2012 20:18,2.1119e+17,pt,,,833,2385
Cristiano,This is the autographed photo that @CRonaldoFever won. Do you like it? Get yours @mystarautograph http://t.co/ALHS3tPb http://t.co/yC6uTwcr,,18/01/2013 16:06,2.92302e+17,en,,,2126,2086
Cristiano,Can't retweet to all but I try ‚Äú@Orfallyyyy: @Cristiano Even if you retweet me it will probably make my life!‚Äù,,18/12/2012 22:47,2.81169e+17,en,,,224,341
Cristiano,Thank you for all the posts you shared on the Fanwall on my new website. They are really great! Keep sharing here: http://t.co/nmncWFLZbK,,20/02/2014 15:37,4.36525e+17,en,,,2536,2123
Cristiano,Thank you. It was a good 1. @sampaulphillips your free kick against Portsmouth at Old Trafford was amazing! David James didn't even move.,,28/01/2011 18:30,3.10565e+16,en,,,31,69
Cristiano,üëå https://t.co/RoyleNCHk6,,25/11/2016 15:05,8.02166e+17,und,,,37925,7333
Cristiano,"Ol√°! Thanks for the support... 
http://bit.ly/9oJn7n #POR #worldcup",,24/06/2010 18:41,16951060691.0,pt,,,85,434
Cristiano,"Thank you @cecep_ekih, it was an exciting game. Loved it!",,08/08/2013 16:03,3.65503e+17,en,,,961,1200
Cristiano,"Insane first half against the aliens! @Falcao, we'll show them how we play football! #GALAXY11 http://t.co/z0FzRHz6gG http://t.co/pGJ4F1AcO0",,12/06/2014 11:39,4.77053e+17,en,,,6538,3871
Cristiano,"You asked: Hi Cristiano,I'm from Italy,can you say'ciao Federica' please?üíï http://t.co/qmcRbmbjFV",,30/06/2014 13:33,4.83604e+17,en,,,1982,732
Cristiano,Ice cream time ‚òÄÔ∏èüëåüèº https://t.co/EODfUnMF51,,07/08/2016 16:03,7.62318e+17,en,,,36188,6809
Cristiano,"You asked: If you just say "" Hello Raphael "" Will be the best day of my life! @7cristianorb http://t.co/qmoaF3ORQy",,31/03/2014 14:36,4.50643e+17,en,,,1304,764
KimKardashian,STREET STYLE: BLACK MESH https://t.co/hH8d15IOCD,,19/07/2016 16:17,7.55436e+17,en,,,4316,645
KimKardashian,love this! https://t.co/WHz2D3wyCX,,02/05/2016 16:45,7.27177e+17,en,,,3902,770
KimKardashian,Just got boxes of Yeezy Season 1 ! #LIT,,29/10/2015 01:19,6.5954e+17,en,,,6493,1885
KimKardashian,BTS FROM BRAZIL on my app today! https://t.co/M0m4mjqwvP https://t.co/oLqGXM4geQ https://t.co/T5p0aKgdGL,,21/11/2015 19:48,6.68154e+17,en,,,4534,814
KimKardashian,We have added new tickets for $299. Can't wait to see you there &amp; take tons of selfies with you! Go to http://t.co/SHr7ACO8m9 for details!,,11/06/2015 18:36,6.09067e+17,en,,,2040,513
KimKardashian,HEELS X RIPPED JEANS http://t.co/cDGOV9weCZ http://t.co/xVI2fgk129,,19/09/2015 01:12,6.45043e+17,en,,,8369,1980
KimKardashian,Let‚Äôs go East Coast! Only 30 more min until a brand new #KUWTK,,04/10/2015 23:27,6.50814e+17,en,,,1853,447
KimKardashian,awww thanks for watching!! https://t.co/mDOUl51O0x,,01/08/2016 01:35,7.59926e+17,en,,,1699,201
KimKardashian,#WCW: J.Lo!!! https://t.co/I4y4UL8izm https://t.co/RdLkSJYgox,,18/11/2015 21:35,6.67094e+17,und,,,6153,1540
KimKardashian,RUNWAY TO REAL WAY: MY C√âLINE DRESS https://t.co/A02mVD067O https://t.co/FJmHDG3ui9,,09/06/2016 19:21,7.40987e+17,en,,,5492,783
KimKardashian,"Some days I'm photographed before I eat &amp; look smaller, some days I've just eaten &amp; I look bigger. It's all a part of the process.",,11/08/2015 15:01,6.31118e+17,en,,,10229,2565
KimKardashian,FACTS https://t.co/4XNzeQCKwu,,01/01/2016 03:54,6.82772e+17,en,,,18711,14759
KimKardashian,Going live again now,,15/09/2015 17:45,6.43843e+17,en,,,2679,625
KimKardashian,So excited to be nominated for the #TeenChoice award for #SocialMediaQueen! RT to vote! @kimkardashian https://t.co/dcrBJDeNyv,,13/07/2016 20:45,7.5333e+17,en,,,18760,8004
KimKardashian,#SISTERSUNDAY https://t.co/1sKG7mklkb https://t.co/Rx1GNim8jz,,21/02/2016 19:30,7.01489e+17,und,,,3327,666
KimKardashian,Silver Surfer https://t.co/kNCNLAgFW4,,07/09/2016 17:41,7.73577e+17,en,,,25600,7360
KimKardashian,Graduating class of 2014 &amp; 2015! üéì Congrats @kendalljenner &amp; @kyliejenner for graduating high school! http://t.co/EgHTAnaGA3,,24/07/2015 06:25,6.24466e+17,en,,,25956,7322
KimKardashian,it was freezing! https://t.co/rA689giwc6,,27/06/2016 01:07,7.47235e+17,en,,,1416,184
KimKardashian,It's time! Hope you enjoy the beginning of our Armenia trip as much as we did! XO #KUWTK,,21/09/2015 03:00,6.45795e+17,en,,,2155,516
KimKardashian,Here's a pic from my new edition of SELFISH out in October. How sweet is my Saint at 2 months old &amp; my little Northüòç https://t.co/GhLxUH4Dbj,,13/08/2016 05:49,7.64338e+17,en,,,33658,5942
TheEllenShow,"You‚Äôve sent over ONE MILLION of my #EmojiExploji! I‚Äôm so happy, I made a collagoji. https://t.co/ZtdTFnC4Mh https://t.co/t4iln3fFXs",,07/10/2016 17:44,7.84449e+17,en,,,2638,298
TheEllenShow,"The Brielle-iant 4-year-old is back. I hope you‚Äôre ready, Internet. https://t.co/HbidTkFFd5 https://t.co/Yb2ntut52x",,12/05/2016 17:45,7.30816e+17,en,,,4327,1020
TheEllenShow,"Happy birthday, Prince Harry! I got you a special gift- a blind date with any of my Twitter followers. Your pick! You‚Äôre welcome.",,15/09/2015 17:07,6.43834e+17,en,,,6349,1115
TheEllenShow,You got a little something right there. https://t.co/qDCcznSd9B,,18/03/2016 21:16,7.10938e+17,en,,,20496,4090
TheEllenShow,It‚Äôs National #CanadaDay! I can‚Äôt believe how few people in the US know it. As if I dressed up as a Mountie for no reason.,,01/07/2015 18:10,6.16308e+17,en,,,5414,1531
TheEllenShow,"If this isn‚Äôt on his Tinder profile, he has seriously missed an opportunity. http://t.co/wrJOkvnEW4",,03/09/2015 20:11,6.39531e+17,en,,,11754,2197
TheEllenShow,There‚Äôs no better way to sell Star Wars tickets on the street than with Princess Leia herself. https://t.co/XlZsTJC7Bv,,14/12/2015 18:51,6.76475e+17,en,,,2215,446
TheEllenShow,Good luck tonight to my friend @DrewBrees. I‚Äôll be watching on #TNFonNBC. https://t.co/KnLa0xyj5h,,17/11/2016 23:58,7.99401e+17,en,,,2639,254
TheEllenShow,"""What chocolate? I didn‚Äôt see no chocolate.‚Äù https://t.co/SgBA0zNxch",,28/12/2015 20:02,6.81566e+17,en,,,6630,1301
TheEllenShow,Season 14 starts in 5 days! https://t.co/BWmXc1yoGu,,01/09/2016 22:00,7.71468e+17,en,,,6830,1285
TheEllenShow,"If you have an animal selfie, send it to me! If this is an animal, give it to a person &amp; tell them to send it to me. http://t.co/hRx6j90Gd3",,11/08/2015 21:57,6.31223e+17,en,,,7780,1306
TheEllenShow,"Happy birthday, @TomHanks. I love you.",,09/07/2016 18:58,7.51853e+17,en,,,9402,1707
TheEllenShow,WWE wrestler @JohnCena is on my show today! He‚Äôs a good man to have in your corner. https://t.co/n6MKKfhRmt https://t.co/KDE34shUPh,,06/04/2016 18:54,7.17788e+17,en,,,3095,515
TheEllenShow,Here‚Äôs the winner of my #CuterThanKidChallenge! You can still vote for your favorite on Chosen. https://t.co/daF2NbFUMp,,04/05/2016 21:18,7.27971e+17,en,,,1497,211
TheEllenShow,My giant selfie stick worked! What a great idea. I thought of it myselfie. http://t.co/DYuLUTrbL1,,28/04/2015 00:18,5.92845e+17,en,,,15786,2781
TheEllenShow,"These two are incredible. @ArianaGrande, I love you for doing this.
https://t.co/ICJD1YmpB7",,01/05/2015 21:29,5.94252e+17,en,,,11011,6120
TheEllenShow,"Happy birthday, Kate Winslet! Near, far, wherever you are.",,05/10/2015 19:46,6.51121e+17,en,,,7047,2205
TheEllenShow,"What‚Äôs in the box? A vacation for everyone in my audience. And maybe one for you, too. https://t.co/0v9KoWcmlo https://t.co/PPQ5lkEgg2",,08/02/2016 20:23,6.96791e+17,en,,,2066,289
TheEllenShow,Holy sheet! My sheets are in Bed Bath &amp; Beyond! And you could win a $250 gift card. #EdBathandBeyond https://t.co/gUFzrNFDjS,,03/05/2016 22:11,7.27622e+17,en,,,1896,259
TheEllenShow,This may be our best giveaway ever. It‚Äôs a bonus day of the 12 Days of Giveaways! https://t.co/6G8VLECTSa,,18/12/2015 19:41,6.77937e+17,en,,,1606,282
Twitter,#Periscope broadcasts are now live directly in your timeline on https://t.co/SlNTFacp9A!   https://t.co/QJiFBYjy54,,04/03/2016 18:15,7.05819e+17,en,,,630,318
Twitter,"Want to join @AndreaRussett, @EthanDolan, @GraysonDolan, and the #StickTogether crew? Try using these four stickers. https://t.co/kkBlNLq4HO",,28/07/2016 17:58,7.58723e+17,en,,,2286,472
Twitter,"@bellesapepper37 I've cleared the cache on your account. Also, looks like you've hit the following limit: http://t.co/IYqCw3m",,22/02/2011 22:24,4.01752e+16,en,,,28,15
Twitter,@vitodecataldo Score! Glad you're liking it!,,10/02/2011 22:36,3.58295e+16,en,,,45,42
Twitter,"The Twitter Audio Card, now with @iTunesMusic: https://t.co/qY1ldy0GHx",,16/10/2014 21:36,5.22864e+17,en,,,447,358
Twitter,@KrishnaDe Thanks for noticing! See ya around! üòé #GoLive,,14/12/2016 22:01,8.09156e+17,en,,,32,13
Twitter,"Can't pop, won't popüéà

https://t.co/HDSjpxYHqy
https://t.co/EI4FIBlXLF",,14/03/2016 23:15,7.09518e+17,en,,,1671,423
Twitter,"New on Amazon Alexa! Use the Twitter Reader skill to hear trends, top Tweets, notifications &amp; more! Just #AskAlexa. https://t.co/BvXRS4NiQu",,09/09/2016 16:00,7.74276e+17,en,,,1891,624
Twitter,"@Nadeshot, thanks for inspiring us with your Tweets. High five! #LoveTwitter https://t.co/WNHvuSFHTj",,21/03/2016 23:15,7.12055e+17,en,,,8923,3711
Twitter,"@jamesnix40 Well done, James. Well done.üëè https://t.co/q4aOo2Lg5f",,09/12/2016 22:34,8.07353e+17,en,,,109,31
Twitter,"Tonight is the night. Tune into the @nflnetwork for #CLEvsBAL.

#TNF streaming LIVE on Twitter will be back next we‚Ä¶ https://t.co/XqHdfztoWv",,11/11/2016 00:30,7.96873e+17,en,,,947,241
Twitter,More details in new Twitter for BlackBerry http://t.co/B9qrPtoP,,16/07/2012 18:11,2.24929e+17,en,,,268,314
Twitter,"You got it, @google. We'll bring the Tweets. üéâ",,21/08/2015 17:31,6.3478e+17,en,,,2750,1742
Twitter,Bring some birthday joy to your profile. New today: add your birth date from our Android app. http://t.co/K7qa9hy1EO,,25/08/2015 19:45,6.36263e+17,en,,,757,319
Twitter,@Caspar_Lee https://t.co/yCge0nwwL9,,14/01/2017 01:05,8.20074e+17,und,,,275,42
Twitter,Twitter for iPhone now available in the iTunes App Store http://bit.ly/bu4gSu,,19/05/2010 17:50,14307539760.0,en,,,171,1913
Twitter,Follow #NYFW on @Twitter and @vineapp! Here's all the details: http://t.co/f0ag6ziy,,07/02/2013 19:55,2.99607e+17,en,,,144,211
Twitter,We'll be enjoying a pre-game fiesta with the @sfgiants and @roomtoread on 4/30 at the ballpark. Come tweetup! http://bit.ly/dnnTkG,,06/04/2010 00:00,11668336045.0,en,,,37,51
Twitter,Fluther Flocks to Twitter! http://t.co/3pVoqRe,,21/12/2010 17:36,1.72723e+16,en,,,94,81
Twitter,"Woops, bad link from a few tweets back about the auction. This is what we meant: http://t.co/5apy3XR",,08/12/2010 20:29,1.26046e+16,en,,,56,46
YouTube,"Now you can watch ""Home Alone"" in 8-bit, ya filthy animals‚Üí https://t.co/aPSKifPlh2 https://t.co/2q7NmaEK2C",,28/12/2016 02:00,8.13927e+17,en,,,1379,271
YouTube,@NathanZed they're even better in outer space. https://t.co/ydMS3F9Etj https://t.co/Ll0FHL8HfJ,,03/10/2016 23:09,7.83081e+17,en,,,60,8
YouTube,"You better bless up, and never get played.
#KeysOfChristmas is coming and @djkhaled‚Äôs in the sleigh! üéÖ  üîë  üôè https://t.co/bkSXMHnZ0Q",,05/12/2016 19:22,8.05855e+17,en,,,472,81
YouTube,@sortedfood Grace‚Äôs face = us.,,20/12/2016 22:41,8.11341e+17,en,,,28,0
YouTube,"@O_Dolly ""More news soon!  But we will see you in 2017!"" - @johnlegend",,21/12/2016 18:28,8.11639e+17,en,,,19,2
YouTube,@kat_blaque We're thrilled that you could be in it! Hope you enjoyed the video! #KeepMakingHistory,,01/03/2016 22:30,7.04796e+17,en,,,17,6
YouTube,@ChaBoyyHD But hot like üçï  or hot like ‚òÄ Ô∏è?,,11/05/2016 22:10,7.3052e+17,en,,,30,2
YouTube,.@zaynmalik gets deep and moody in ‚ÄúiT's YoU.‚Äù https://t.co/118HJGVMkZ https://t.co/WHnNE2DX3k,,28/03/2016 20:15,7.14546e+17,en,,,1513,276
YouTube,Oh snap! Dumptruck‚Äôs going HAMster on those carrots. https://t.co/jyUhyraFZW https://t.co/JjJMkCdsSe,,26/01/2016 21:00,6.9209e+17,en,,,1506,269
YouTube,@ConorMaynard Stop you're making us feel old too. jk happy 10 year anniversary!,,19/05/2016 22:45,7.33428e+17,en,,,151,24
YouTube,Feed your soul with tips and tricks from these top culinary creators ‚Üí https://t.co/uRglKoEyUS https://t.co/uiIxnyXWLP,,09/02/2016 23:30,6.97201e+17,en,,,1820,301
YouTube,@yolanda_gampp We want it all. üßÄüç¶üå∂üå≠üççüçâüçøüçîüéÇ,,17/01/2017 22:43,8.21488e+17,en,,,25,5
YouTube,"In the future it won‚Äôt be your day, your week, your month, or even your year. https://t.co/X4fu3UAbvP #BadInternet https://t.co/SEia3Yywgz",,26/05/2016 22:24,7.3596e+17,en,,,909,111
YouTube,Today is #FridayThe13th. Watch out! https://t.co/hR3cOyvw8C #ChChChAhAhAh https://t.co/E7TBXSM8L9,,13/05/2016 15:41,7.31147e+17,en,,,1462,454
YouTube,Follow @MusicLapsley and #YouTubeMusic into the underground electronic music scene in Georgia (the country)‚Ä¶ https://t.co/fuO1GM9Xww,,14/12/2016 18:52,8.09109e+17,en,,,530,70
YouTube,Closing out #NationalHotDogMonth with exclusive carnage from two of our favorite destroyers. https://t.co/cevRq71heT https://t.co/7FVs14Zk9V,,29/07/2016 17:59,7.59086e+17,en,,,855,130
YouTube,@atimsihcus @ZZWard @LindseyStirling It‚Äôs seriously masterful.,,18/11/2016 22:25,7.9974e+17,en,,,24,3
YouTube,"@DaymDrops What a collab! Also, thanks for the taco party yesterday, @rachaelray",,05/05/2016 21:40,7.28339e+17,en,,,11,0
YouTube,And you thought kissing your human crush under the mistletoe was scary. @NikkiLimo gets her vamp on in‚Ä¶ https://t.co/EiWKnHzmpX,,13/12/2016 18:42,8.08744e+17,en,,,886,141
YouTube,ICYMI: #GreaseLive was ELECTRIFYING. ‚ö°‚ö°‚ö°https://t.co/WakKUtJYJR https://t.co/W11OxP7CHX,,01/02/2016 23:23,6.943e+17,en,,,1945,334
britneyspears,Xo! #PerfumeVideoPremiere RT @SametcanKanal @VEVO omg it's too much i can't stand your perfection queen.,,10/12/2013 19:23,4.1049e+17,en,,,636,427
britneyspears,"@BARMY117 Smurftastic, lol. That's cute ;) #OohLaLaVideoPremiere",,11/07/2013 16:18,3.5536e+17,en,,,113,128
britneyspears,Miss Maddie helping me get ready for the show tonight!!  She looks so adorable in this wig #PieceOfMe ‚ù§Ô∏è http://t.co/oP9tfPp0p3,,03/05/2014 03:24,4.62432e+17,en,,,6186,2596
britneyspears,#PieceOfMe ‚ù§Ô∏è https://t.co/G7jCJbQd9B,,09/04/2016 01:33,7.18613e+17,und,,,9313,3268
britneyspears,Sooner than you think! RT @britneyspeans My favorite! when are we getting the video? #BritneyJeanListeningParty,,05/12/2013 19:33,4.08681e+17,en,,,655,511
britneyspears,"Sending my thoughts &amp; prayers to Boston, my heart is with u all... #PrayForBoston",,15/04/2013 23:40,3.23944e+17,en,,,3807,7510
britneyspears,@DJPaulyD Nice to see you today! Thanks for celebrating with us :),,06/11/2014 04:50,5.30221e+17,en,,,803,363
britneyspears,"Simon, dahling, where in bloody hell were u for this?? http://t.co/kTf5KBZi",,09/11/2012 22:29,2.67031e+17,en,,,1428,2071
britneyspears,@on_cloudniall That's what I like to hear!,,20/12/2012 03:52,2.81608e+17,en,,,72,84
britneyspears,YES!!! @thisisBURNS's work on #MakeMe can be described in one word... sensational. üî• https://t.co/wL08s5OzNg,,15/07/2016 22:32,7.54081e+17,en,,,6679,2907
britneyspears,Brunch with my boys! üë¨ http://t.co/OmNcrDtjAD,,11/07/2014 21:20,4.87708e+17,en,,,10562,4140
britneyspears,@EriElise you're the best!,,01/03/2015 07:31,5.71936e+17,en,,,359,118
britneyspears,"9:34pm ET on the @CW_network, 9:40pm on @VEVO RT @Jamybitch WHAT TIME IS THE PREMIERE??? #WorkBxxchVideoTomorrow",,01/10/2013 01:15,3.84849e+17,en,,,1417,2471
britneyspears,@geewhizzle awwww thank you!!!!,,01/03/2015 04:49,5.71895e+17,en,,,316,119
britneyspears,So proud of this show &amp; thrilled POM is up for Best Show in the @ReviewJournal's @BestOfLasVegas Awards. Text 'Vote Britney' to 81500 :),,22/02/2015 03:02,5.69331e+17,en,,,3020,2146
britneyspears,Every year on my birthday the amount of love and gifts I receive from my fans reminds me of how truly blessed I am!,,02/12/2014 18:59,5.39856e+17,en,,,7707,4310
britneyspears,@obriennipples Fancy! I love the video so much #PrettyGirlTalk,,15/05/2015 21:40,5.99329e+17,en,,,565,270
britneyspears,Let's spread the Valentine's Day love a little farther this year. Giving away 100 signed T's today to benefit @NVCCF! http://t.co/KWSx6qWMqF,,10/02/2015 23:58,5.65299e+17,en,,,5599,3228
britneyspears,"For all of you who haven‚Äôt gotten your copy yet of #BritneyJean, it's available at @GooglePlay ! http://t.co/NgGwOf2RpS",,07/12/2013 20:03,4.09413e+17,en,,,877,790
britneyspears,@CassPiamyheroes Get it girl! #BritneyJeanListeningParty,,05/12/2013 19:26,4.08679e+17,en,,,149,106
cnnbrk,OLYMPICS: Puerto Rico wins first-ever gold with Monica Puig's win in women's tennis singles https://t.co/onLD8xOHcF https://t.co/qeX8QhUjaX,,13/08/2016 23:16,7.64601e+17,en,,,3099,1570
cnnbrk,"Correction: Chicago police move to fire 5 officers, not 6, as earlier reported. https://t.co/xcY0wVcChh https://t.co/FtY4YZ63UG",,31/08/2016 00:43,7.70784e+17,en,,,312,275
cnnbrk,The 4-year-old Florida girl whose abduction set off Amber Alerts in five states has been found safe‚Ä¶ https://t.co/MhPhmFMWmV,,10/10/2016 20:16,7.85575e+17,en,,,2139,592
cnnbrk,2 former allies of Gov. Chris Christie were found guilty on all charges in connection with Bridgegate lane closures‚Ä¶ https://t.co/WN6tdbpZFM,,04/11/2016 15:46,7.94567e+17,en,,,647,389
cnnbrk,"Actor Brad Pitt has been cleared of wrongdoing by officials after a child abuse investigation, a source said‚Ä¶ https://t.co/oUbrB19YPn",,09/11/2016 23:24,7.96494e+17,en,,,1733,425
cnnbrk,"A tornado tore through Alabama &amp; killed 3 people and injured multiple others, officials say. https://t.co/ZNbDxvSbee",,30/11/2016 08:37,8.03881e+17,en,,,354,410
cnnbrk,"Author W.P. Kinsella, whose book inspired the movie ‚ÄúField of Dreams,‚Äù has died at age 81. https://t.co/n79cpd5ubn https://t.co/E2DtE8yvqe",,17/09/2016 10:06,7.77086e+17,en,,,550,354
cnnbrk,"University of Minnesota football team agrees to play in the Holiday Bowl after threatening to skip it, team says. https://t.co/QLZzgA60ag",,17/12/2016 17:17,8.10172e+17,en,,,249,132
cnnbrk,Actor Ben Stiller reveals he was diagnosed with prostate cancer in 2014. https://t.co/A8yfBp4p3B https://t.co/i7NTjwjGPJ,,04/10/2016 20:49,7.83409e+17,en,,,750,534
cnnbrk,"Baton Rouge officer Montrell Jackson was 1 of 3 officers killed Sunday, family member says. https://t.co/dp4iHaUgRh https://t.co/jkFF8MXfsB",,17/07/2016 23:30,7.54821e+17,en,,,946,778
cnnbrk,"Deputy killed in officer-involved shooting in Byron, Georgia, officials say. https://t.co/o0tOCuyDnj https://t.co/1qF5zYgbcb",,07/11/2016 02:56,7.9546e+17,en,,,264,247
cnnbrk,"Tour bus that crashed into a freight truck in California resulted in 13 fatalities and 31 injuries, official says.‚Ä¶ https://t.co/XdrHWzCETm",,23/10/2016 21:04,7.90298e+17,en,,,305,322
cnnbrk,"Nephew of Berlin market attack suspect Anis Amri is among 3 arrested in Tunisia, country‚Äôs Interior Ministry says. https://t.co/b35AXIXfJq",,24/12/2016 13:13,8.12647e+17,en,,,329,244
cnnbrk,"2 Turkish soldiers killed by PKK fighters in southeast Turkey, state-run news agency reports https://t.co/MJO2WMoqAD https://t.co/K9HrlS7c6R",,29/08/2016 22:58,7.70395e+17,en,,,210,194
cnnbrk,"Donald Trump defends calling Hillary Clinton a ""bigot"" https://t.co/vXyewdSrA3",,25/08/2016 21:33,7.68924e+17,en,,,321,132
cnnbrk,"Clinton's nasty, Trump tells @NYTimes, but ""I can be nastier than she can ever be."" https://t.co/1dFRNYxRNA",,01/10/2016 03:14,7.82056e+17,en,,,663,348
cnnbrk,"President-elect Trump is picking ExxonMobil CEO Rex Tillerson for secretary of state, transition sources say.‚Ä¶ https://t.co/pyz9T4VuJ0",,13/12/2016 03:41,8.08517e+17,en,,,422,388
cnnbrk,"Ex-aide will testify in NJ bridge closures trial that Gov. Chris Christie knew about scheme, prosecutors say‚Ä¶ https://t.co/d37KjVUzmr",,19/09/2016 18:34,7.77939e+17,en,,,627,389
cnnbrk,OLYMPICS: Fiji claims first-ever medal -- a gold -- by defeating Great Britain 43-7 in men's rugby sevens final https://t.co/dwKDP68KRP,,11/08/2016 22:42,7.63868e+17,en,,,1446,497
cnnbrk,Obama arrives in Europe with conciliatory message on Trump. https://t.co/7daa0DqmCA,,15/11/2016 09:59,7.98465e+17,en,,,477,202
ddlovato,You ready for this? üòè NEW ALBUM OCTOBER 2015 #Confident http://t.co/QbC1EgmbHU,,27/08/2015 01:19,6.3671e+17,en,,,76297,63157
ddlovato,Nothing will EVER replace my little lion heart @DemisBuddy... ever ever ever... but sometimes God puts new little souls in our lives,,21/08/2015 22:15,6.34851e+17,en,,,25335,16632
ddlovato,RIP to my baby boy Buddy. You will forever be my baby angel. I miss you so much.. Wish Batman could've met his big brother. üôèüèºüíî,,26/07/2016 21:57,7.58059e+17,en,,,46628,15873
ddlovato,NEVER LET ANYTHING STOP YOU OR LET ANYONE TELL YOU WHAT YOU CAN'T DO,,12/04/2015 16:59,5.87299e+17,en,,,45851,45557
ddlovato,Phresh off tha runwayy... üá´üá∑‚ù§Ô∏èüíã #Paris #Versace #Confident http://t.co/J2ky4rAM9B,,10/09/2015 18:33,6.42043e+17,en,,,20305,12118
ddlovato,Today was the first day I changed my wallpaper since Buddy passed... Hurts my heart.. He will never ever EVER be replaced.. I miss you baby,,07/09/2015 09:30,6.40819e+17,en,,,32877,16925
ddlovato,#CONFIDENT is @CarsonDaly‚Äôs Pick of the Week!! Hear it on the @DalyDownload! http://t.co/jdVxJ3ej1v,,18/10/2015 19:06,6.55822e+17,en,,,7240,4522
ddlovato,@dileyvatic üò≠üò≠üò≠üò≠üò≠üò≠üò≠üò≠üò≠ this absolutely breaks my heart,,07/01/2016 02:05,6.84919e+17,en,,,4042,2541
ddlovato,This song is very emotional for me. I literally poured all of my heart into this song #NowPlayingCONFIDENT https://t.co/VKz2i7cLQ1,,19/10/2015 20:37,6.56208e+17,en,,,7960,5885
ddlovato,I ‚ù§Ô∏è you so much mama!! @JLo,,20/10/2015 15:44,6.56496e+17,en,,,13564,9202
ddlovato,Love you sissy üíïüíó @dallaslovato,,23/11/2015 21:15,6.68901e+17,en,,,9656,5963
ddlovato,This isn't real,,04/12/2015 17:16,6.72827e+17,en,,,26932,20291
ddlovato,Studio bound... So excited for y'all to hear new music,,03/09/2016 18:52,7.72145e+17,en,,,35332,13647
ddlovato,Worst. Headache. Ever. That's what getting up at 4:30 does to you. Good morning London üò¥üá¨üáß‚òïÔ∏è,,09/11/2015 06:09,6.63599e+17,en,,,12715,6214
ddlovato,But at least I get to say it,,27/05/2016 12:26,7.36172e+17,en,,,27791,13869
ddlovato,"Love hearing what makes you guys feel #CONFIDENT ‚ù§Ô∏è https://t.co/KwOryUceRi https://t.co/3oFGLw2co4
https://t.co/ltklSW34Ir",,30/11/2015 17:51,6.71386e+17,en,,,11217,7315
ddlovato,Doing what people should ALREADY be doing!!! I am so honored and I will never forget last night... Thank you SO much to @glaad and everyone,,03/04/2016 16:43,7.16667e+17,en,,,18629,7746
ddlovato,I ‚ù§Ô∏è New York https://t.co/wrIJ1TnEzN,,31/05/2015 05:42,6.04886e+17,en,,,13107,7883
ddlovato,Saaaannngggin my ass off right now... üé∂üíñ,,29/06/2015 03:05,6.15355e+17,en,,,20759,14496
ddlovato,Airport glam ‚úàÔ∏è‚úàÔ∏è‚úàÔ∏è https://t.co/QVUIKsP2rY,,13/03/2015 00:46,5.76183e+17,en,,,13765,8763
instagram,Choosing to save tigers with @swfoto #TigerDay üêØ https://t.co/20oZLWU3bo,,29/07/2016 17:30,7.59079e+17,en,,,866,201
instagram,Sizzling temptations from a Parisian p√¢tisserie #TheJoyOfBaking https://t.co/4pfzecgOpz,,21/03/2016 19:00,7.11991e+17,fr,,,916,180
instagram,"In Mongolia‚Äôs Tsaatan tribal village, the reindeer are anything but shy #TheWeekOnInstagram https://t.co/ODOWyKmFtt",,22/08/2016 23:45,7.6787e+17,en,,,621,127
instagram,‚ÄúCapoeira is truly a conversation.‚Äù ‚ÄîAlejandro M√°rquez #TheWeekOnInstagram https://t.co/3OPR7ByGXV,,08/08/2016 23:45,7.62797e+17,es,,,626,117
instagram,Tasting the rainbow with üçù artist @SaltySeattle https://t.co/0JvsFN2xaq,,13/11/2016 18:30,7.97869e+17,en,,,533,92
instagram,"üåà + üê∂ = ‚ù§Ô∏è #TheWeekOnInstagram
https://t.co/P3U0djv9T8",,01/10/2016 23:45,7.82366e+17,und,,,946,163
instagram,It‚Äôs romance and rebellion for photographer @tasneemalsultan https://t.co/5Zc9Bx2CYW https://t.co/e8aEDaGfZj,,26/04/2016 21:06,7.25069e+17,en,,,892,189
instagram,How comedy and @SU2C helped one teen overcome a rare form of leukemia https://t.co/MrkxQGyejW,,10/09/2016 00:05,7.74398e+17,en,,,629,132
instagram,Fighting to breathe with Caleigh Haber https://t.co/NRtthCcYuj,,13/06/2016 17:30,7.42409e+17,en,,,549,112
instagram,Descubre voces sorprendentes de la comunidad de habla hispana en Instagram. ¬°Sigue a @InstagramES en Twitter!,,23/12/2015 17:51,6.79721e+17,es,,,1514,269
instagram,‚ÄúMy favorite thing about juggling is the challenge. It‚Äôs just you against yourself.‚Äù ‚Äî@JugglinJosh https://t.co/rH5PaD5fGv,,18/06/2016 18:15,7.44232e+17,en,,,579,118
instagram,Mary Poppins reimagined in a pair of oversized pants https://t.co/1eM8SRcddf,,03/04/2016 15:38,7.16651e+17,en,,,1043,176
instagram,The inspiring underwater adventures of an incredible young man https://t.co/fHtyeERjHy,,04/08/2016 00:30,7.60996e+17,en,,,751,116
instagram,"""Our friend has superpowers &amp; she squeezed your tiny bladder with her mind."" This #StrangerThings kid has us like üò± https://t.co/z6q8rpTHX1",,27/08/2016 16:35,7.69574e+17,en,,,866,172
instagram,Witnessing (and covering) history with @CNN anchor @andersoncooper https://t.co/jSEbKICPe3,,07/11/2016 22:30,7.95755e+17,en,,,544,110
instagram,"#DailyFluff
https://t.co/ItRJsqNf4Eüêæ https://t.co/Sbp5YSebwF",,06/07/2016 13:00,7.50676e+17,und,,,1053,226
instagram,Watch our Instagram story this weekend to see amazing moments from @afropunk https://t.co/jxpl35kqkF,,26/08/2016 17:30,7.69225e+17,en,,,685,112
instagram,Real talk meets rainbows üåà #LisaFrank (via @BritAndCo) https://t.co/cCMnkrl7m0,,21/08/2016 01:30,7.67172e+17,en,,,991,188
instagram,Featured submissions from this weekend‚Äôs hashtag project: #WHPsightsandsounds https://t.co/T1DSKjwhX4 https://t.co/rcfJDmobvG,,01/03/2016 14:00,7.04668e+17,en,,,1169,216
instagram,"Below tall grass, a resting swan #WHPoverunder https://t.co/4uNnePITNf",,07/06/2016 14:30,7.40189e+17,en,,,612,123
jimmyfallon,Tonight: Playing Catchphrase with Jennifer Garner! Plus talking with John @Mulaney and music from @ladyantebellum. #FallonTonight,,01/10/2014 15:22,5.17334e+17,en,,,1001,225
jimmyfallon,"Happy Friday! Tonight on the show we've got @dan_aykroyd, Chaz Ebert, and stand-up from @NickThune. Plus new #ThankYouNotes! #FallonTonight",,18/07/2014 19:51,4.90222e+17,en,,,986,220
jimmyfallon,"Tonight: Playing a new game called ""Truth or Door"" w/Jennifer Garner, plus @CubaGoodingJr is here and music from @peteyorn! #FallonTonight",,16/03/2016 14:29,7.10111e+17,en,,,1833,246
jimmyfallon,"Pope Francis is bringing a rabbi and a Muslim leader to the Holy Land this week. Bartenders said, ""We've been expecting you!"" #fallonmono",,22/05/2014 00:12,4.6927e+17,en,,,3610,2340
jimmyfallon,"Playing Spin The Mic w/@tylerperry, plus @NarcosNetflix's Wagner Moura, stand-up from @iliza &amp; it's #ThankYouNoteFriday! #FallonTonight",,08/01/2016 15:02,6.85477e+17,en,,,1684,344
jimmyfallon,"Okay - t'was an easy one - it's Fairview Farrrrrrrrrm!!!! Thanks for playing ""Know Your Corn Mazes!"" http://t.co/vGqmVgymbU",,20/10/2013 18:22,3.91993e+17,en,,,116,88
jimmyfallon,It's finally avail!!! Go to your scoop shop or store and DEMAND The Tonight Dough!! The best ice cream‚Ä¶ http://t.co/yr6QMvKwEn,,18/02/2015 15:09,5.68065e+17,en,,,1982,825
jimmyfallon,"Tonight: @OrvilleIV, Haley Bennett and music from @nbcagt winner @GraceVanderWaal! Plus it's #ThankYouNoteFriday! #FallonTonight",,23/09/2016 16:40,7.7936e+17,en,,,1255,174
jimmyfallon,"Experts say Mary Keitany's NYC Marathon was one of the most impressive races they've seen a woman run. Hillary says ""stay tuned.""#fallonmono",,04/11/2014 01:14,5.29442e+17,en,,,1818,609
jimmyfallon,‚Äú@joizde: @kleinemuy @jimmyfallon Na hello! #FallonTonight #joiz‚Äù Hallo Germany!!!,,07/05/2014 22:36,4.64172e+17,in,,,486,83
jimmyfallon,"Played musical beers with @RealHughJackman, Chris Hemsworth, and some friends from SNL! http://t.co/oFcARsu1PR #FallonTonight",,06/03/2015 18:04,5.73907e+17,en,,,2619,797
jimmyfallon,Congrats to my man @jtimberlake on the release of the 20/20 Experience 2 of 2. Keep killing it dude!,,01/10/2013 17:37,3.85096e+17,en,,,1419,916
jimmyfallon,#accents,,08/10/2013 05:24,3.87449e+17,und,,,527,471
jimmyfallon,Thank you @MrKamp. You are a great writer.,,07/01/2014 16:43,4.20597e+17,en,,,326,46
jimmyfallon,"A new edition of @NFL Superlatives, read by the players themselves! https://t.co/m0LhwolEAR #FallonTonight",Vereinigte Staaten,09/09/2016 12:01,7.74216e+17,en,,,1197,261
jimmyfallon,Thanks to Julia Roberts for agreeing to play this crazy game https://t.co/GvH4Q1IvAU #FaceBalls #FallonTonight http://t.co/BXj8Nta3EN,,01/08/2014 14:38,4.95217e+17,en,,,3093,1204
jimmyfallon,"Girl broke up with me, walked out and then came back five minutes later because she forgot her keys. #awkwardbreakup",,05/03/2014 19:59,4.41302e+17,en,,,4375,1308
jimmyfallon,"The men of ""Full House"" reunite to teach me a life lesson.
https://t.co/v2V5r4Xfc6 #DannyTanner #HaveMercy #CutItOut",,30/01/2014 16:10,4.28923e+17,en,,,2773,2564
jimmyfallon,"Tonight we've got Liam Neeson, @terrycrews &amp; music from @conoroberst. Plus, another edition of our #DoNotRead list!! #FallonTonight",,19/05/2014 17:21,4.68441e+17,en,,,851,221
jimmyfallon,"Okay, I had to try Beefy King Orlando. Great pickles!! Thanks. http://t.co/uSSndwOqxb",,16/10/2013 17:06,3.90524e+17,en,,,230,195
jtimberlake,Last but not least! San Fran!!! #finderskeepers #the2020experience http://t.co/ciqFU9FDVj,,29/03/2013 23:16,3.17777e+17,en,,,414,401
jtimberlake,‚Äú@MichaelW40204: @jtimberlake JT! Can I get  RT for my dad on Memorial Day? http://t.co/X6QiWbXydZ‚Äù Yes you can. Honor and thanks to him.,,26/05/2014 20:54,4.71032e+17,en,,,4646,1490
jtimberlake,I don't tell a lie!!!! https://t.co/df8UtDnSyQ,,09/05/2015 03:00,5.96872e+17,en,,,2070,678
jtimberlake,"‚Äú@deanlemon: Obsessed with ""Not A Bad Thing"" by @jtimberlake - ahhhhhh sooooo good!!‚Äù Thank you! üôè",,02/05/2014 14:11,4.62233e+17,en,,,2370,1004
jtimberlake,Happy Birthday to the G.O.A.T. #MichaelJackson.,,29/08/2013 23:32,3.73227e+17,en,,,4885,7570
jtimberlake,Just hanging out tonight in the house that these guys built... No big deal. http://t.co/p6tLUtEM2r,,16/02/2014 22:38,4.35181e+17,en,,,3443,1361
jtimberlake,"‚Äú@BIGNASTY_OTW: @jtimberlake Do what you feel is right, buddy. But, you have false info. Don't assume...",,23/07/2013 23:38,3.5982e+17,en,,,312,179
jtimberlake,Get ready... #WilliamRastFall2016 @WilliamRast @TraceAyala #WeAreWilliamRast https://t.co/MLXMdkFBSJ,,28/07/2016 19:33,7.58747e+17,en,,,6819,1194
jtimberlake,"‚Äú@brokemogul: cop it‚Ä¶ @PUSHA_T ""My Name Is My Name"" iTunes: http://t.co/3jp99zhsoG‚Äù Yes!! Get that @PUSHA_T So good.",,10/10/2013 04:08,3.88154e+17,en,,,449,543
jtimberlake,"From Morocco, with love... #NABT #notabadlovestory: http://t.co/lC07fqajB0",,31/05/2014 22:43,4.72871e+17,en,,,2476,1572
jtimberlake,‚Äú@garibaldiarts: @jtimberlake by @garibaldiarts #portrait #art #painting http://t.co/w86vnug0oq‚Äù I'm SO late on this one but SICK JOB! üôè,,07/05/2014 22:56,4.64177e+17,en,,,5638,1914
jtimberlake,Because Elvis wore white shoes... And so do I. Guess where I am. http://t.co/Lss2Gq1V,,25/11/2012 19:38,2.72786e+17,en,,,1849,752
jtimberlake,"Thanks, boys!! üôè‚ÄºÔ∏è https://t.co/YZz4WGXT85",,06/05/2016 04:55,7.28448e+17,en,,,1880,363
jtimberlake,"""@joemols: @jtimberlake Just wanted to inform you that you're not funny...I'm devastated by that. #I'lldothejokesonmytwitter",,04/05/2012 21:32,1.98526e+17,en,,,41,65
jtimberlake,My buddy Bill Purple!! Go watch it!! ‚Äú@PurpleDGA: My last shameless self promo! http://t.co/nUK9F6Lpos‚Äù,,26/02/2014 00:21,4.38469e+17,en,,,1336,515
jtimberlake,"""In the city... Of LA."" Thank you for an amazing night Los Angeles!! Crowd was INSANE. Family and friends in the house. Perfection. JT",,27/11/2013 19:23,4.05779e+17,en,,,2373,1079
jtimberlake,"It's Vegas time, baby! Justin Timberlake & Friends Benefit Concert Oct 23rd!! Lineup & Tickets (on sale TOMORROW): http://bit.ly/aM65Gv",,20/08/2010 18:38,21686182198.0,en,,,50,189
jtimberlake,"I'm sorry but, it's still weird to see D Fisher in a Thunder uniform.",,29/04/2012 03:37,1.96443e+17,en,,,262,1968
jtimberlake,Columbus! What a night!! Thank you for all the love. O-H..!,,17/11/2013 07:30,4.01976e+17,en,,,4585,2429
jtimberlake,I've been a fan of Bai for a long time... https://t.co/XZfhl2NM2o,,20/10/2016 17:25,7.89156e+17,en,,,3367,575
justinbieber,#PurposeTour Prague tonight,,12/11/2016 14:54,7.97452e+17,en,,,105447,43201
justinbieber,What Do You Mean? @JKCorden #28Days http://t.co/BFtmV6wnk5,,31/07/2015 19:14,6.27196e+17,en,,,58370,54070
justinbieber,#Justmoji is available on the @AppStore for iMessage #iMessageApps https://t.co/iM63PrCy7L,,15/09/2016 21:07,7.76528e+17,en,,,55029,26163
justinbieber,Get exclusive #Purpose t-shirt &amp; album bundles at @officialFYE,,17/11/2015 17:43,6.66673e+17,en,,,36950,25561
justinbieber,#wedontsteal @Skrillex @bloodpop #sorry :) https://t.co/57rNU274Up,,28/05/2016 01:08,7.36363e+17,und,,,82869,47726
justinbieber,Thank u #PurposeTourSanDiego,,30/03/2016 07:54,7.15085e+17,en,,,96932,48977
justinbieber,#BieberBRITs https://t.co/rIsigRmyxy,,21/12/2015 18:25,6.79005e+17,und,,,80357,48483
justinbieber,Feel better https://t.co/mA6EbiSNP6,,16/10/2015 19:12,6.55099e+17,en,,,17477,13814
justinbieber,Jb loves the kids. Lol. Honored to find out I'm the first solo @TigerBeatNow cover ever. on stands 9/15. Thanks. http://t.co/jEuAjWJ2r6,,11/09/2015 20:18,6.42432e+17,en,,,57208,44742
justinbieber,Big night. Everyone good luck tonight. #BBMAs,,17/05/2015 22:16,6.00062e+17,en,,,82723,66888
justinbieber,Help my friends at @PencilsOfPromis spread the word for 250 million kids around the world who can't read or write. #WhereIRead,,08/09/2015 14:21,6.41255e+17,en,,,37082,32557
justinbieber,@bieberdexter hello,,24/06/2015 18:12,6.13772e+17,en,,,42926,30146
justinbieber,Almost time. #IllShowYou #Purpose another one @Skrillex. Honest.,,02/11/2015 01:35,6.60994e+17,en,,,55443,47913
justinbieber,Heading to @NRJhitmusiconly in Berlin. Heard it's crazy. Let's go,,15/09/2015 16:52,6.4383e+17,en,,,40271,31880
justinbieber,When @TheEllenShow needs a gardener I'm there :) http://t.co/0CZTObbp7W,,11/09/2015 20:24,6.42433e+17,en,,,48966,41022
justinbieber,Letting the music do the talking,,07/11/2015 16:17,6.63027e+17,en,,,60700,53612
justinbieber,about to be on #MoneyPizzaRespect w/ @FatJew on @beats1 @applemusic at 3pm,,06/09/2015 21:42,6.40641e+17,en,,,41969,32124
justinbieber,üêºüêºüêºüêº,,06/04/2016 03:52,7.17561e+17,und,,,132450,89646
justinbieber,@dankanter @Skrillex @YeshuaTheGudwin good work boys,,12/05/2015 14:41,5.98136e+17,en,,,36953,29912
justinbieber,Latin America we‚Äôre coming. #PurposeTour register for pre-sale https://t.co/xwzSPWqdja https://t.co/PaomoZ9WKI,,25/10/2016 21:16,7.91026e+17,en,,,137288,78989
katyperry,Good girl! ‚Äú@Cole_A_Stewart: @katyperry I got the üòú of the üêÖüêØ a üí™ üëØ through the üî• cause I am a üèÜ and you're gonna üëÇ me üòæüí•üí¢ #ROAR‚Äù,,15/08/2013 20:49,3.68112e+17,en,,,1910,2191
katyperry,I miss yewww RT @yungskeeter: 40 mins til that free hotel breakfast open up U FEEEEL MAY,,27/09/2012 12:01,2.5129e+17,en,,,1021,1818
katyperry,RISE AND SHINE! ‚òÄÔ∏è Mohegan Sun pre-sale starts right now! http://t.co/ErkQottOCU,,26/02/2014 15:04,4.38691e+17,en,,,5136,3199
katyperry,https://t.co/m6ebYV8D1r,,13/07/2016 18:37,7.53297e+17,und,,,119302,67601
katyperry,Gone fishin üé£ https://t.co/LQS6Z9fNH0,,08/10/2016 10:16,7.84699e+17,en,,,7056,2058
katyperry,"And so far we've raised nearly $250,000 with the USA &amp; Canada shows alone! I'm proud of us BB'S üôå",,01/08/2014 20:43,4.95309e+17,en,,,8265,4187
katyperry,The song chosen will not necessarily be my next single BUT a taste of what my #PRISM has in store for u! So go vote: http://t.co/anK8c0zG7W,,24/08/2013 20:31,3.71369e+17,en,,,2126,2773
katyperry,Reflective.,,01/01/2015 00:28,5.50448e+17,en,,,12824,7772
katyperry,"Living that bucket list lyfe üôèüèº
üì∑ ronyalwin @ Machu Picchu https://t.co/ar0A92HhLE",,25/09/2015 05:05,6.47276e+17,en,,,10302,5017
katyperry,The Olympics may be over but dad hats will never die üòé : https://t.co/8MwcYpzAB7 https://t.co/oeMC7CMdba,,22/08/2016 19:06,7.678e+17,en,,,25501,6950
katyperry,üíòEUROPE!üíò @charli_xcx is going to get prismatic with us next February &amp; March! Excited to welcome her to #ThePrismaticWorldTour!,,04/09/2014 16:00,5.07559e+17,en,,,9283,5777
katyperry,@sosadtoday I heard our bodies are made of 80% water AKA tears,,07/04/2015 20:47,5.85544e+17,en,,,7331,4595
katyperry,"Again, Dark Horse ft @therealjuicyj is just a PREVIEW of #PRISM when released on Sept 17, NOT the 2nd single. üêØ",,26/08/2013 21:44,3.72112e+17,en,,,3347,4459
katyperry,When I die bury me inside the Gucci... Museum. http://t.co/HDmw8mnNfK,,18/02/2015 22:12,5.68171e+17,en,,,9876,5019
katyperry,What's the point of wearing all these dumb costumes if Joan's not here to rip them apart üòî RIP Joan Rivers. You are a one of a one.,,04/09/2014 20:56,5.07633e+17,en,,,24054,13982
katyperry,Over 72 million served! Thanks for the award RIAA! #THISISHOWWEDOüíÅ http://t.co/q71EYFIZv7,,26/06/2014 18:37,4.82231e+17,en,,,7088,4542
katyperry,‚ù§Ô∏è waking up to all the üéâ from #BIRTHDAY on the Billboards! Got me so hyped imma go try n catch the Loch Ness monster today üò¨,,19/05/2014 14:26,4.68397e+17,en,,,10110,5476
katyperry,"To the Voykovic sisters in ATL. I read each of your adorable letters, thanks for being sweethearts. üòòüêØ",,08/09/2013 20:29,3.76805e+17,en,,,2582,2734
katyperry,IF ONE DIRECTION DOESN'T PERFORM ON THE VMA'S I AM GONNA JUMP OFF THIS LEDGE,,06/09/2012 22:18,2.43836e+17,en,,,81904,134271
katyperry,Found a curly fry in my dress just now. Gonna eat it. Hope that's ok. #goodnightgoldenglobes,,11/01/2016 12:24,6.86524e+17,en,,,30679,10353
ladygaga,@httpowxn OMG THANK YOU üôèüôèüôèüò≠üò≠üò≠,,06/10/2016 03:15,7.83868e+17,en,,,2353,686
ladygaga,"Don't forget to make your plans for tonight! 9pm EST dinner parties, @pbs, wine, food, Tony, Gaga. This is my most favorite TV moment! Ever!",,24/10/2014 08:12,5.2556e+17,en,,,2804,1803
ladygaga,"@holyh00ker I will don't worry, all artists are insecure innately. Sometime I don't want to share myself when I feel judged I get rebellious",,15/08/2014 05:18,5.0015e+17,en,,,1897,1054
ladygaga,Thats me + mom really tiny in the back w/ all the wonderful members of our @BTWFoundation lunch. Thank u for coming! http://t.co/3PX9R4DkN0,,17/01/2015 00:06,5.56241e+17,en,,,9207,5511
ladygaga,"Night night monster world, I thank you a million times for the blessings, for the purpose, for the endlessly wild inspiration üåü",,04/11/2014 02:26,5.2946e+17,en,,,6929,4441
ladygaga,I love to eat while I sketch my ideas for the fashionable puppy line I'm starting! - @MissAsiaKinney üéÄ https://t.co/7uBJO6FtUa,,28/05/2015 18:30,6.03992e+17,en,,,4657,2594
ladygaga,Were just 1 hr and 45 min away from #TonyGagaPBS I will live tweet during the 9pm EST viewing and answer questions during commercial breaks!,,24/10/2014 23:18,5.25788e+17,en,,,2799,1756
ladygaga,"""If you want to go fast, go alone. If you want to go far, go together.""
Cory Booker #StrongerTogether https://t.co/arL5rI97iU",,26/07/2016 02:15,7.57761e+17,en,,,14667,4361
ladygaga,My little bubba girl I miss her she's having rest time in the country. I'll be home soon my baby darling. http://t.co/sjBTxDrkzI,,16/08/2014 01:12,5.0045e+17,en,,,3950,2511
ladygaga,@CMCdynamite underwood!! Haha,,06/10/2016 00:29,7.83827e+17,tl,,,2028,598
ladygaga,'CHEEK TO CHEEK' pre-order is now available WORLDWIDE! Order now + get 2 songs right away! http://t.co/zu4nMBljXq http://t.co/U6gFXajLNs,,20/08/2014 07:00,5.01987e+17,en,,,4424,3083
ladygaga,Signing away Cheek To Cheek for Looney Tunes. Touched each and every one of em! http://t.co/6nNCVbsEzc,,18/11/2014 20:12,5.34801e+17,en,,,3452,2279
ladygaga,"Thank you Father Duffell for a beautiful homily as always and lunch at my pop's restaurant. 
I‚Ä¶ https://t.co/FnT2iLe8a6",,09/05/2016 04:52,7.29534e+17,en,,,6727,2114
ladygaga,Hitchcock's PSYCHO + Cuddling with Asia= the best night ever.,,15/11/2014 01:19,5.33429e+17,en,,,6063,3403
ladygaga,"I DON'T NEED EYES TO SEE
I FELT YOU TOUCHIN' ME
HIGH LIKE AMPHETAMINE
MAYBE YOU'RE JUST A DREAM 
#PerfectIllusion https://t.co/6dzlTrQlrp",,07/09/2016 05:54,7.73399e+17,en,,,46173,27870
ladygaga,"Arizona! Florida! Ohio! Michigan! Pennsylvania! Nevada! North Carolina!

Today is about YOU. The power is in your h‚Ä¶ https://t.co/VQx1V5s8lZ",,08/11/2016 20:43,7.96091e+17,en,,,10863,3603
ladygaga,#artRAVEMelbourne let's getter done ravers! Grab a drink and all your friends it's time to celebrate!,,23/08/2014 08:42,5.031e+17,en,,,3833,2309
ladygaga,@andreszapata99 um hello me too,,25/11/2014 04:55,5.37107e+17,en,,,2671,1503
ladygaga,Thank you dear friend @KarlLagerfeld for photographing me and my stylist @Brandonvmaxwell Fashion is love! üíã http://t.co/jVLkyQB7z8,,19/03/2015 20:18,5.78652e+17,en,,,11500,6365
ladygaga,We started ARTPOP together and we will end it together. KOONS GAGA Look who surprised me in my hotel‚Ä¶ http://t.co/Hvyzg3gDfU,,25/11/2014 12:55,5.37228e+17,en,,,3436,2243
rihanna,"It's like wearing a Mona Lisa trust me! This shit is art, like you don't even wanna touch it!!! #Balmain http://t.co/BOQi5jIIk5",,09/06/2013 12:55,3.43713e+17,en,,,1165,1530
rihanna,I can't sleep!!! #morningfaces #Barbados http://t.co/2hrTQtJCL6,,05/08/2013 07:50,3.64292e+17,en,,,1407,1758
rihanna,One of the greatest men who's ever lived!!! #Legend We will never forget the things this man has‚Ä¶ http://t.co/ztPkooNOIN,,05/12/2013 22:39,4.08727e+17,en,,,4276,5925
rihanna,What a night! Still can't believe we @kanyewest shared a stage with a fucking BEATLE tonight! #bucketlistshit Thank you Sir @PaulMcCartney,,09/02/2015 07:27,5.64687e+17,en,,,25938,11470
rihanna,#HistoRIH,,20/06/2013 16:43,3.47757e+17,und,,,2488,4274
rihanna,And that's a wrizzap http://t.co/348E4Dcz,,08/11/2012 03:27,2.66381e+17,en,,,1990,2424
rihanna,"@jennnrosales : ""Look look Rih, I found a phuck for you to give, right over‚Ä¶ http://t.co/DtdYqrJDrt",,10/06/2013 14:04,3.44093e+17,en,,,309,386
rihanna,‚Äú@RorreyFenty: @rihanna bless you  http://t.co/7gzy3vuN‚Äù thanks broski #granDolly,,23/12/2012 07:34,2.82751e+17,en,,,585,856
rihanna,Yea baby I'm a #Trap$taR http://t.co/b0eGQX2I,,11/12/2012 04:05,2.7835e+17,en,,,737,1092
rihanna,All white errthang #Zulu #cropover2013 #details http://t.co/zcNMwXauMT,,05/08/2013 22:55,3.6452e+17,en,,,1076,1276
rihanna,4 down 3 more to go! E-Werks is the spot tonight Berlin. #BeThere #777Tour #HTC #5thStop #UNAPOLOGETIC,,18/11/2012 13:29,2.70157e+17,en,,,439,824
rihanna,Sorry #detroit #chicago ASAP really wanted to be there for you guys! We wish him a speedy covery!‚Ä¶ http://t.co/xXLF2z2CKd,,23/03/2013 05:30,3.15335e+17,en,,,722,989
rihanna,Went snorkeling by old pirate caves http://t.co/IWRhkUf4xF,,28/08/2014 22:31,5.05121e+17,en,,,18268,6808
rihanna,Heauxm $weet Heauxm #Barbados,,30/10/2013 15:14,3.95569e+17,en,,,2718,2809
rihanna,https://t.co/973pSlg02C :),,05/03/2014 12:15,4.41185e+17,und,,,4334,2805
rihanna,Smokin Diamonds http://t.co/HzJbTRa9,,22/10/2012 19:44,2.60467e+17,en,,,2658,4926
rihanna,#PERTH we bout to get craaaazzyyy #DiamondsWorldTour,,24/09/2013 11:21,3.82465e+17,en,,,1727,1990
rihanna,Best heauxz 4 life yo!!! @mforde11 Shout out to my baby daddy riccardotisci17 for my 3 piece‚Ä¶ http://t.co/9RsUIfzLIJ,,13/07/2013 14:21,3.56056e+17,en,,,971,1199
rihanna,Cartoon$ http://t.co/4gGL8Z4EOG,,21/08/2014 04:04,5.02305e+17,en,,,29823,13841
rihanna,‚Äú@Javiroo: 14-01-2014 :: @shakira - Can't Remember To Forget (feat. @rihanna )‚Äù ACTUALLY I just found out you'll have it by the 13th! #1week,,06/01/2014 14:38,4.20203e+17,en,,,3631,4711
selenagomez,Work. Today. I love my job.. http://t.co/9SPvwjZJOG,,28/01/2015 17:06,5.60484e+17,en,,,14394,9065
selenagomez,http://t.co/mLEy45ZSII,,19/05/2013 00:16,3.35912e+17,und,,,4574,5370
selenagomez,Thank You so much for joining me for my chat. I hope you guys love this album as much as I do. #starsdancepreorder  http://t.co/ypTbtQLXB6,,04/06/2013 00:17,3.4171e+17,en,,,10690,16378
selenagomez,@factsonfemales I love you,,01/09/2012 01:01,2.41702e+17,en,,,891,1775
selenagomez,Check out my #SaturdayNightOnline interview tonight w/ @WorstAssistant &amp; @RomeoOnSNOL @ 8:30pmEST. @SaturdayOnline http://t.co/1JnfnraqCP,,10/08/2013 22:30,3.66326e+17,en,,,5250,6902
selenagomez,"@ImWithTheScene Hopefully soon, I miss all of you too.",,07/06/2012 14:47,2.10745e+17,en,,,684,1444
selenagomez,Happy birthday to my best friend in the world world!!! Have a great birthday baby!  http://t.co/lDNMFlDK,,01/03/2012 17:26,1.75271e+17,en,,,12295,28160
selenagomez,Me too.. RT @SoCrazyForDemi: @selenagomez I'm gonna bawl my eyes out when wowp finishes :(,,11/05/2011 23:19,6.84552e+16,en,,,522,1510
selenagomez,"Design a poster inspired by #GoodForYou for the chance to win $500, a signed print &amp; more! http://t.co/nxouUdGSCu http://t.co/A3iKGm24P8",,28/07/2015 17:59,6.2609e+17,en,,,18215,10508
selenagomez,#‚ÄéStarsDanceWorldTour Vancouver are you ready to kick this off? http://t.co/RMZv5JCwh4 http://t.co/87LUITnsoY,,13/08/2013 21:28,3.67397e+17,en,,,18619,17093
selenagomez,Thanks to everyone who showed up to my surprise Dream Out Loud shopping spree at The Grove Kmart.  Each winner... http://t.co/76A0TXPn,,25/04/2012 01:29,1.94961e+17,en,,,1371,3432
selenagomez,@xLoveNaturally Thank you very much.  You all make the world a better place.,,29/09/2012 17:38,2.521e+17,en,,,707,1359
selenagomez,"....... Just so you know, you're awesome.",,03/01/2015 05:32,5.5125e+17,en,,,49498,39931
selenagomez,I am so sorry I couldn't get to all of you!! ‚ù§Ô∏è you very much. And be safe!! http://t.co/hP9SmN2C1C,,18/07/2014 23:53,4.90283e+17,en,,,11037,6942
selenagomez,Vancouver!! Honestly I will move here one day. Shot 2 movies here and have SO many beautiful memories.. http://t.co/QvW1UIaN,,14/10/2011 18:41,1.24918e+17,en,,,1056,2418
selenagomez,:) you're awesome RT @SweetGirrrrl: @selenagomez Please RT this if u like it&gt;&gt;&gt;&gt;&gt;&gt; http://twitpic.com/32y9qw LOVE SO MUCH!!!!!,,24/11/2010 02:21,7257560000000000.0,en,,,501,1186
selenagomez,@stunningbubbles smile girl. They're never worth it. Trust me.. you're beautiful,,14/07/2010 05:22,18496657745.0,en,,,428,918
selenagomez,‚Äú@murniizham: @selenagomez I LOVE U SO SO SO MUCH‚Äù I LOVE YOU MOREEEEüíúüíúüíúüíú,,14/08/2014 08:42,4.99839e+17,en,,,6487,4708
selenagomez,I'm hosting a #REVIVALListeningParty and Q&amp;A on Twitter tomorrow! Get ready to hit play on @Spotify @ 9 am PT. üé∂ http://t.co/nSfuieBNlu,,08/10/2015 19:45,6.52208e+17,en,,,21739,14849
selenagomez,"Bye Dallas, I will miss you all dearly. I am off to Atlanta, see you guys soon!",,15/06/2011 21:17,8.11081e+16,en,,,702,2341
shakira,RT @NBCTheVoice Not sure if @AdamLevine or @Shakira... https://t.co/YnNRGV14N1,,26/02/2014 01:25,4.38485e+17,en,,,2151,1631
shakira,Happy Easter from my easter bunnies! / Felices Pascuas de parte de mis conejitos de pascua! -Shak http://t.co/C09XphlF,,08/04/2012 15:52,1.89018e+17,es,,,982,1798
shakira,String session recording in Cairo for the new album! http://t.co/ESrLQGXvEz,,15/12/2013 16:26,4.12257e+17,en,,,1272,1083
shakira,"#TBT to five years ago today, when Shak played Budapest! üá≠üá∫ Hace 5 a√±os hoy: Shak en Budapest! https://t.co/Ui4Ojqh6ee ShakHQ",,05/05/2016 20:35,7.28322e+17,en,,,2321,575
shakira,Please save my girls! They deserve to be here! #VoiceSave Tess,,23/04/2014 00:53,4.58771e+17,en,,,1914,5018
shakira,¬°Faltan DOS HORAS para el inicio de la Ceremonia de Clausura de la Copa Mundial! ShakHQ #GER #ARG http://t.co/alFI0Dn0qX,,13/07/2014 15:15,4.88341e+17,es,,,7513,5670
shakira,Looking forward to the #BibleSeriesFinale on @History tonight. http://t.co/O6arfQEsvk -Shak,,31/03/2013 19:02,3.18438e+17,en,,,592,743
shakira,¬°Muchas gracias @Los40_Spain por este n√∫mero 1 y gracias a ti @TonyAguilar por tu cari√±o! Shak,,16/06/2014 15:56,4.78567e+17,es,,,988,471
shakira,".@GarrettGardner2 what a cool performance, you rocked it and totally made that song your own! Shak",,14/05/2013 00:41,3.34106e+17,en,,,400,378
shakira,"What us girls have to go through to get a selfie / Lo que tenemos que hacer las chicas para tomar un selfie Shak
https://t.co/75Lm0hXs5y",,07/07/2016 18:28,7.51121e+17,en,,,7648,2080
shakira,¬°¬°Golazo de luis Su√°rez!! Shak,,19/06/2014 20:46,4.79727e+17,es,,,4041,3429
shakira,Grazie! Shak RT @kia_shiver Yeeeeeeh Addicted to You TT in Italia!! Grande @shakira !,,03/05/2012 15:10,1.98067e+17,en,,,116,159
shakira,"London calling, I'm responding and this sounds like a Smash !! Shak http://t.co/oDIO4cvOGA",,20/11/2013 16:13,4.03194e+17,en,,,1379,920
shakira,Here's Shak throwing some serious moves while performing Ojos As√≠ in 2003. Think you can #dance like that? https://t.co/ejq91QNmxJ ShakHQ,,26/09/2016 16:03,7.80438e+17,en,,,2587,510
shakira,Thank you so much @AlexOfficial994 for this portrait! It's incredible! Shak http://t.co/hSdunxZPCL,,12/12/2014 15:08,5.43422e+17,en,,,1723,562
shakira,#TeamShakira is complete! Can't wait to bring in @mirandalambert for the #Battles #WatchingBlinds,,12/03/2014 00:47,4.43549e+17,en,,,1797,707
shakira,"I call this part of the beach ""Tailandia"" Shak #LaBicicleta #tbt https://t.co/8cyNMSbNE7",,25/08/2016 18:29,7.68878e+17,en,,,4258,673
shakira,"Nuevo v√≠deo de Shakira! Nos preparamos para el estreno de @NBCTheVoice  del pr√≥ximo lunes!
ShakHQ  https://t.co/lEM1AR7PNa",,20/03/2013 16:43,3.14417e+17,es,,,396,612
shakira,Shakira ha llegado a la final de la Batalla de las Princesas del POP de MTV! Para VOTAR (y votar otra vez) http://t.co/8QeravMJ Gracias! SHQ,,19/07/2012 16:39,2.25993e+17,es,,,262,575
shakira,"Did you check out Kristen just now singing the band perry ""chainsaw"" just now? She was the best--charismatic, fun, and man, that voice!",,07/05/2014 00:11,4.63833e+17,en,,,1382,566
taylorswift13,Just wanted to shout them out today because they're incredible. @davidcookmusic @kamilahmarshall @clareypoppin @melanienyema @paulsidoti,,26/07/2015 18:43,6.25376e+17,en,,,26542,8553
taylorswift13,#40DaysTil1989WorldTour,,26/03/2015 21:14,5.81203e+17,und,,,44968,25548
taylorswift13,"This night is sparkling.
Don't you let it go.
https://t.co/Ug9fnN9OQL
#1989TourBossierCity",,21/05/2015 05:37,6.0126e+17,en,,,27266,12266
taylorswift13,She's so BORED. http://t.co/1yNGI4lnoP,,05/06/2013 23:08,3.42418e+17,en,,,30461,22715
taylorswift13,"So proud of these girls, 3 for killing it at the Victoria's Secret Fashion Show (@iammarthahunt‚Ä¶ http://t.co/2eP91bAEDh",,05/12/2014 22:41,5.41e+17,en,,,13117,6118
taylorswift13,I feel like I just interrupted a very important conversation. http://t.co/wVjSgtIk4x,,27/07/2014 19:44,4.93482e+17,en,,,18704,11823
taylorswift13,"Saying goodbye to the shore, writing on a seashell. http://t.co/MFQdz4po",,29/12/2011 17:25,1.5244e+17,en,,,3261,6658
taylorswift13,Backstage at @theellenshow! She's the best. And has good dressing room snacks. So important.,,10/05/2011 22:16,6.80771e+16,en,,,1004,2136
taylorswift13,"I‚Äôm so excited that the new video for ‚ÄòRed‚Äô comes out this evening! Also very excited about all the red, white, &amp; blue happening tomorrow.üá∫üá∏",,03/07/2013 18:53,3.525e+17,en,,,16747,19983
taylorswift13,"So....
""Sweeter Than Fiction"" will be available at iTunes TONIGHT at midnight!  @onechancemovie",,20/10/2013 19:17,3.92007e+17,en,,,14369,16212
taylorswift13,"Having a @billboard Hot 100 #1 with @kendricklamar is too exciting for me to even process. LOOK WHAT YOU GUYS DID. 
http://t.co/TXaY8DJka2",,27/05/2015 20:26,6.03658e+17,en,,,26397,13181
taylorswift13,"""Apparently the Golden Globes red carpet flooded. Let's just go in our jammies this year!"" -@austinswift7",,12/01/2014 22:03,4.22489e+17,en,,,17532,11812
taylorswift13,"Oh Charlotte, North Carolina- what a beautiful crowd you were tonight:)",,23/03/2013 05:09,3.1533e+17,en,,,7272,7014
taylorswift13,"Writing letters, giving haircuts, signing cd covers. Backstage activities.",,26/06/2011 19:33,8.50681e+16,en,,,1377,2989
taylorswift13,"In every @Target store, they're playing exclusive never-before-seen video footage of the creation of‚Ä¶ http://t.co/xLg8Vu6yUf",,27/10/2014 19:17,5.26815e+17,en,,,10269,5070
taylorswift13,Yes we are climbing all over each other. #1989SecretSessions http://t.co/FHi7jFfBjy,,05/10/2014 07:30,5.18664e+17,en,,,8868,4726
taylorswift13,"I love you, Kansas City. Thank you for two wonderful shows!",,04/08/2013 06:10,3.63905e+17,en,,,10200,9626
taylorswift13,"The Tokyo show was a DREAM. Plus, we've added another show in Singapore on June 9th!! See you there! http://t.co/aox1ID193n",,02/06/2014 05:23,4.73334e+17,en,,,39317,24147
taylorswift13,@jaysean thanks!!! Hope you're doing great!,,17/06/2012 20:05,2.14449e+17,en,,,914,1715
taylorswift13,Tomorrow we start to..... http://t.co/dQ8cHzEK,,22/10/2012 03:34,2.60223e+17,en,,,12178,15266
